DDI,DETId,DLV_UUID,PGNCode,TIM_UUID,TLG_UUID,TSK_UUID,value,DET_UUID
91.00,DET-196,SKIPPED FOR PERF,,7b94e662-d2f7-11e9-ae36-b2663414fa03,,7b93b206-d2f7-11e9-ae36-b2663414fa03,0.00,7b9436ea-d2f7-11e9-ae36-b2663414fa03
116.00,DET-196,SKIPPED FOR PERF,,7b94e662-d2f7-11e9-ae36-b2663414fa03,,7b93b206-d2f7-11e9-ae36-b2663414fa03,0.00,7b9436ea-d2f7-11e9-ae36-b2663414fa03
117.00,DET-196,SKIPPED FOR PERF,,7b94e662-d2f7-11e9-ae36-b2663414fa03,,7b93b206-d2f7-11e9-ae36-b2663414fa03,0.00,7b9436ea-d2f7-11e9-ae36-b2663414fa03
118.00,DET-196,SKIPPED FOR PERF,,7b94e662-d2f7-11e9-ae36-b2663414fa03,,7b93b206-d2f7-11e9-ae36-b2663414fa03,1674.00,7b9436ea-d2f7-11e9-ae36-b2663414fa03
119.00,DET-196,SKIPPED FOR PERF,,7b94e662-d2f7-11e9-ae36-b2663414fa03,,7b93b206-d2f7-11e9-ae36-b2663414fa03,0.00,7b9436ea-d2f7-11e9-ae36-b2663414fa03
120.00,DET-196,SKIPPED FOR PERF,,7b94e662-d2f7-11e9-ae36-b2663414fa03,,7b93b206-d2f7-11e9-ae36-b2663414fa03,516.00,7b9436ea-d2f7-11e9-ae36-b2663414fa03
316.00,DET-196,SKIPPED FOR PERF,,7b94e662-d2f7-11e9-ae36-b2663414fa03,,7b93b206-d2f7-11e9-ae36-b2663414fa03,0.00,7b9436ea-d2f7-11e9-ae36-b2663414fa03
317.00,DET-196,SKIPPED FOR PERF,,7b94e662-d2f7-11e9-ae36-b2663414fa03,,7b93b206-d2f7-11e9-ae36-b2663414fa03,1147.00,7b9436ea-d2f7-11e9-ae36-b2663414fa03
318.00,DET-196,SKIPPED FOR PERF,,7b94e662-d2f7-11e9-ae36-b2663414fa03,,7b93b206-d2f7-11e9-ae36-b2663414fa03,0.00,7b9436ea-d2f7-11e9-ae36-b2663414fa03
319.00,DET-196,SKIPPED FOR PERF,,7b94e662-d2f7-11e9-ae36-b2663414fa03,,7b93b206-d2f7-11e9-ae36-b2663414fa03,143.00,7b9436ea-d2f7-11e9-ae36-b2663414fa03
